RS-APPARCH-CONFIG-01	g3rs-apparch/types-dependency-direction	packages/rs/apparch/g3rs-apparch-config-checks/crates/runtime/src/types_dependency_direction.rs
RS-APPARCH-CONFIG-02	g3rs-apparch/logic-dependency-direction	packages/rs/apparch/g3rs-apparch-config-checks/crates/runtime/src/logic_dependency_direction.rs
RS-APPARCH-CONFIG-03	g3rs-apparch/io-outbound-dependency-direction	packages/rs/apparch/g3rs-apparch-config-checks/crates/runtime/src/io_outbound_dependency_direction.rs
RS-APPARCH-CONFIG-05	g3rs-apparch/patch-replace-bypass	packages/rs/apparch/g3rs-apparch-config-checks/crates/runtime/src/patch_replace_bypass.rs
RS-APPARCH-CONFIG-06	g3rs-apparch/same-layer-cycles	packages/rs/apparch/g3rs-apparch-config-checks/crates/runtime/src/same_layer_cycles.rs
RS-APPARCH-CONFIG-07	g3rs-apparch/dev-dependency-direction	packages/rs/apparch/g3rs-apparch-config-checks/crates/runtime/src/dev_dependency_direction.rs
RS-APPARCH-CONFIG-08	g3rs-apparch/types-purity	packages/rs/apparch/g3rs-apparch-config-checks/crates/runtime/src/types_purity.rs
RS-APPARCH-CONFIG-09	g3rs-apparch/logic-purity	packages/rs/apparch/g3rs-apparch-config-checks/crates/runtime/src/logic_purity.rs
RS-APPARCH-SOURCE-04	g3rs-apparch/io-traits-in-types	packages/rs/apparch/g3rs-apparch-source-checks/crates/runtime/src/io_traits_in_types.rs
RS-APPARCH-SOURCE-05	g3rs-apparch/types-public-surface	packages/rs/apparch/g3rs-apparch-source-checks/crates/runtime/src/types_public_surface.rs
RS-ARCH-CONFIG-05	g3rs-arch/no-boundary-crossing	packages/rs/arch/g3rs-arch-config-checks/crates/runtime/src/no_boundary_crossing.rs
RS-ARCH-CONFIG-06	g3rs-arch/shared-flag-required	packages/rs/arch/g3rs-arch-config-checks/crates/runtime/src/shared_flag_required.rs
RS-ARCH-CONFIG-07	g3rs-arch/dependency-count-split	packages/rs/arch/g3rs-arch-config-checks/crates/runtime/src/dependency_count_split.rs
RS-ARCH-CONFIG-08	g3rs-arch/feature-contract	packages/rs/arch/g3rs-arch-config-checks/crates/runtime/src/feature_contract.rs
RS-ARCH-FILETREE-01	g3rs-arch/crate-has-facade	packages/rs/arch/g3rs-arch-file-tree-checks/crates/runtime/src/crate_has_facade.rs
RS-ARCH-FILETREE-03	g3rs-arch/mod-rs-required	packages/rs/arch/g3rs-arch-file-tree-checks/crates/runtime/src/mod_rs_required.rs
RS-ARCH-FILETREE-07	g3rs-arch/structural-split	packages/rs/arch/g3rs-arch-file-tree-checks/crates/runtime/src/structural_split.rs
RS-ARCH-SOURCE-02	g3rs-arch/lib-facade-only	packages/rs/arch/g3rs-arch-source-checks/crates/runtime/src/lib_facade_only.rs
RS-ARCH-SOURCE-04	g3rs-arch/mod-facade-only	packages/rs/arch/g3rs-arch-source-checks/crates/runtime/src/mod_facade_only.rs
RS-ARCH-SOURCE-08	g3rs-arch/feature-gated-exports	packages/rs/arch/g3rs-arch-source-checks/crates/runtime/src/feature_gated_exports.rs
RS-ARCH-SOURCE-09	g3rs-arch/no-path-attr	packages/rs/arch/g3rs-arch-source-checks/crates/runtime/src/no_path_attr.rs
RS-CARGO-CONFIG-01	g3rs-cargo/workspace-lints	packages/rs/cargo/g3rs-cargo-config-checks/crates/runtime/src/workspace_lints/rule.rs
RS-CARGO-CONFIG-02	g3rs-cargo/lint-levels	packages/rs/cargo/g3rs-cargo-config-checks/crates/runtime/src/lint_levels/rule.rs
RS-CARGO-CONFIG-03	g3rs-cargo/workspace-metadata	packages/rs/cargo/g3rs-cargo-config-checks/crates/runtime/src/workspace_metadata/rule.rs
RS-CARGO-CONFIG-04	g3rs-cargo/priority-order	packages/rs/cargo/g3rs-cargo-config-checks/crates/runtime/src/priority_order/rule.rs
RS-CARGO-CONFIG-05	g3rs-cargo/resolver	packages/rs/cargo/g3rs-cargo-config-checks/crates/runtime/src/resolver/rule.rs
RS-CARGO-CONFIG-06	g3rs-cargo/disallowed-macros-deny	packages/rs/cargo/g3rs-cargo-config-checks/crates/runtime/src/disallowed_macros_deny/rule.rs
RS-CARGO-CONFIG-07	g3rs-cargo/approved-allow-inventory	packages/rs/cargo/g3rs-cargo-config-checks/crates/runtime/src/approved_allow_inventory.rs
RS-CARGO-CONFIG-08	g3rs-cargo/workspace-lints-inherited	packages/rs/cargo/g3rs-cargo-config-checks/crates/runtime/src/workspace_lints_inherited.rs
RS-CARGO-CONFIG-09	g3rs-cargo/no-weakened-overrides	packages/rs/cargo/g3rs-cargo-config-checks/crates/runtime/src/no_weakened_overrides.rs
RS-CARGO-CONFIG-10	g3rs-cargo/member-edition-drift	packages/rs/cargo/g3rs-cargo-config-checks/crates/runtime/src/member_edition_drift.rs
RS-CARGO-CONFIG-11	g3rs-cargo/unapproved-allow-entries	packages/rs/cargo/g3rs-cargo-config-checks/crates/runtime/src/unapproved_allow_entries.rs
RS-CARGO-CONFIG-12	g3rs-cargo/member-local-allows-forbidden	packages/rs/cargo/g3rs-cargo-config-checks/crates/runtime/src/member_local_allows_forbidden.rs
RS-CARGO-CONFIG-13	g3rs-cargo/rust-version-policy	packages/rs/cargo/g3rs-cargo-config-checks/crates/runtime/src/rust_version_policy.rs
RS-CARGO-FILETREE-10	g3rs-cargo/missing-member-cargo	packages/rs/cargo/g3rs-cargo-filetree-checks/crates/runtime/src/missing_member_cargo.rs
RS-CARGO-FILETREE-14	g3rs-cargo/input-failures	packages/rs/cargo/g3rs-cargo-filetree-checks/crates/runtime/src/input_failures.rs
RS-CLIPPY-CONFIG-01	g3rs-clippy/max-struct-bools	packages/rs/clippy/g3rs-clippy-config-checks/crates/runtime/src/max_struct_bools/rule.rs
RS-CLIPPY-CONFIG-02	g3rs-clippy/max-fn-params-bools	packages/rs/clippy/g3rs-clippy-config-checks/crates/runtime/src/max_fn_params_bools/rule.rs
RS-CLIPPY-CONFIG-03	g3rs-clippy/too-many-lines-threshold	packages/rs/clippy/g3rs-clippy-config-checks/crates/runtime/src/too_many_lines_threshold/rule.rs
RS-CLIPPY-CONFIG-04	g3rs-clippy/too-many-arguments-threshold	packages/rs/clippy/g3rs-clippy-config-checks/crates/runtime/src/too_many_arguments_threshold/rule.rs
RS-CLIPPY-CONFIG-05	g3rs-clippy/excessive-nesting-threshold	packages/rs/clippy/g3rs-clippy-config-checks/crates/runtime/src/excessive_nesting_threshold/rule.rs
RS-CLIPPY-CONFIG-06	g3rs-clippy/test-relaxations	packages/rs/clippy/g3rs-clippy-config-checks/crates/runtime/src/test_relaxations/rule.rs
RS-CLIPPY-CONFIG-07	g3rs-clippy/cognitive-complexity-threshold	packages/rs/clippy/g3rs-clippy-config-checks/crates/runtime/src/cognitive_complexity_threshold/rule.rs
RS-CLIPPY-CONFIG-08	g3rs-clippy/type-complexity-threshold	packages/rs/clippy/g3rs-clippy-config-checks/crates/runtime/src/type_complexity_threshold/rule.rs
RS-CLIPPY-CONFIG-09	g3rs-clippy/missing-method-ban	packages/rs/clippy/g3rs-clippy-config-checks/crates/runtime/src/missing_method_ban.rs
RS-CLIPPY-CONFIG-10	g3rs-clippy/missing-type-ban	packages/rs/clippy/g3rs-clippy-config-checks/crates/runtime/src/missing_type_ban.rs
RS-CLIPPY-CONFIG-11	g3rs-clippy/extra-method-ban	packages/rs/clippy/g3rs-clippy-config-checks/crates/runtime/src/extra_method_ban.rs
RS-CLIPPY-CONFIG-12	g3rs-clippy/extra-type-ban	packages/rs/clippy/g3rs-clippy-config-checks/crates/runtime/src/extra_type_ban.rs
RS-CLIPPY-CONFIG-13	g3rs-clippy/ban-reason-quality	packages/rs/clippy/g3rs-clippy-config-checks/crates/runtime/src/ban_reason_quality.rs
RS-CLIPPY-CONFIG-14	g3rs-clippy/library-global-state	packages/rs/clippy/g3rs-clippy-config-checks/crates/runtime/src/library_global_state.rs
RS-CLIPPY-CONFIG-15	g3rs-clippy/avoid-breaking-exported-api	packages/rs/clippy/g3rs-clippy-config-checks/crates/runtime/src/avoid_breaking_exported_api.rs
RS-CLIPPY-CONFIG-16	g3rs-clippy/duplicate-bans	packages/rs/clippy/g3rs-clippy-config-checks/crates/runtime/src/duplicate_bans.rs
RS-CLIPPY-CONFIG-17	g3rs-clippy/unknown-keys	packages/rs/clippy/g3rs-clippy-config-checks/crates/runtime/src/unknown_keys.rs
RS-CLIPPY-CONFIG-18	g3rs-clippy/macro-bans	packages/rs/clippy/g3rs-clippy-config-checks/crates/runtime/src/macro_bans.rs
RS-CLIPPY-CONFIG-19	g3rs-clippy/policy-context-parseable	packages/rs/clippy/g3rs-clippy-config-checks/crates/runtime/src/policy_context_parseable.rs
RS-CLIPPY-CONFIG-20	g3rs-clippy/forbid-clippy-conf-dir-override	packages/rs/clippy/g3rs-clippy-config-checks/crates/runtime/src/forbid_clippy_conf_dir_override.rs
RS-CLIPPY-CONFIG-21	g3rs-clippy/config-parseable	packages/rs/clippy/g3rs-clippy-config-checks/crates/runtime/src/config_parseable.rs
RS-CLIPPY-FILETREE-01	g3rs-clippy/coverage-exists	packages/rs/clippy/g3rs-clippy-filetree-checks/crates/runtime/src/coverage_exists/rule.rs
RS-CLIPPY-FILETREE-02	g3rs-clippy/same-root-conflict	packages/rs/clippy/g3rs-clippy-filetree-checks/crates/runtime/src/same_root_conflict/rule.rs
RS-CODE-CONFIG-07	g3rs-code/exception-comment-inventory	packages/rs/code/g3rs-code-config-checks/crates/runtime/src/exception_comment_inventory/rule.rs
RS-CODE-CONFIG-12	g3rs-code/unsafe-code-lint	packages/rs/code/g3rs-code-config-checks/crates/runtime/src/unsafe_code_lint/rule.rs
RS-CODE-SOURCE-01	g3rs-code/crate-level-allow	packages/rs/code/g3rs-code-source-checks/crates/runtime/src/crate_level_allow/rule.rs
RS-CODE-SOURCE-02	g3rs-code/unused-crate-dependencies-allow	packages/rs/code/g3rs-code-source-checks/crates/runtime/src/unused_crate_dependencies_allow/rule.rs
RS-CODE-SOURCE-03	g3rs-code/item-level-allow-without-reason	packages/rs/code/g3rs-code-source-checks/crates/runtime/src/item_level_allow_without_reason/rule.rs
RS-CODE-SOURCE-04	g3rs-code/item-level-allow-with-reason	packages/rs/code/g3rs-code-source-checks/crates/runtime/src/item_level_allow_with_reason/rule.rs
RS-CODE-SOURCE-05	g3rs-code/garde-skip-without-comment	packages/rs/code/g3rs-code-source-checks/crates/runtime/src/garde_skip_without_comment/rule.rs
RS-CODE-SOURCE-06	g3rs-code/garde-skip-with-comment	packages/rs/code/g3rs-code-source-checks/crates/runtime/src/garde_skip_with_comment/rule.rs
RS-CODE-SOURCE-08	g3rs-code/cfg-attr-allow-inventory	packages/rs/code/g3rs-code-source-checks/crates/runtime/src/cfg_attr_allow_inventory/rule.rs
RS-CODE-SOURCE-09	g3rs-code/too-many-effective-code-lines	packages/rs/code/g3rs-code-source-checks/crates/runtime/src/too_many_effective_code_lines/rule.rs
RS-CODE-SOURCE-10	g3rs-code/too-many-use-imports	packages/rs/code/g3rs-code-source-checks/crates/runtime/src/too_many_use_imports/rule.rs
RS-CODE-SOURCE-11	g3rs-code/many-use-imports	packages/rs/code/g3rs-code-source-checks/crates/runtime/src/many_use_imports/rule.rs
RS-CODE-SOURCE-13	g3rs-code/todo-macros	packages/rs/code/g3rs-code-source-checks/crates/runtime/src/todo_macros/rule.rs
RS-CODE-SOURCE-15	g3rs-code/direct-fs-usage	packages/rs/code/g3rs-code-source-checks/crates/runtime/src/direct_fs_usage/rule.rs
RS-CODE-SOURCE-16	g3rs-code/panic-macro	packages/rs/code/g3rs-code-source-checks/crates/runtime/src/panic_macro/rule.rs
RS-CODE-SOURCE-17	g3rs-code/impl-allow-blast-radius	packages/rs/code/g3rs-code-source-checks/crates/runtime/src/impl_allow_blast_radius/rule.rs
RS-CODE-SOURCE-18	g3rs-code/always-true-cfg-attr-bypass	packages/rs/code/g3rs-code-source-checks/crates/runtime/src/always_true_cfg_attr_bypass/rule.rs
RS-CODE-SOURCE-19	g3rs-code/large-type-inventory	packages/rs/code/g3rs-code-source-checks/crates/runtime/src/large_type_inventory/rule.rs
RS-CODE-SOURCE-20	g3rs-code/extern-allow	packages/rs/code/g3rs-code-source-checks/crates/runtime/src/extern_allow/rule.rs
RS-CODE-SOURCE-21	g3rs-code/fs-glob-import	packages/rs/code/g3rs-code-source-checks/crates/runtime/src/fs_glob_import/rule.rs
RS-CODE-SOURCE-22	g3rs-code/deny-forbid-without-reason	packages/rs/code/g3rs-code-source-checks/crates/runtime/src/deny_forbid_without_reason/rule.rs
RS-CODE-SOURCE-23	g3rs-code/include-bypass	packages/rs/code/g3rs-code-source-checks/crates/runtime/src/include_bypass/rule.rs
RS-CODE-SOURCE-24	g3rs-code/path-attr-with-reason	packages/rs/code/g3rs-code-source-checks/crates/runtime/src/path_attr_with_reason/rule.rs
RS-CODE-SOURCE-29	g3rs-code/large-trait-surface	packages/rs/code/g3rs-code-source-checks/crates/runtime/src/large_trait_surface/rule.rs
RS-CODE-SOURCE-30	g3rs-code/input-failures	packages/rs/code/g3rs-code-source-checks/crates/runtime/src/input_failures/rule.rs
RS-CODE-SOURCE-31	g3rs-code/public-struct-named-fields	packages/rs/code/g3rs-code-source-checks/crates/runtime/src/public_struct_named_fields/rule.rs
RS-CODE-SOURCE-32	g3rs-code/test-expect-message-quality	packages/rs/code/g3rs-code-source-checks/crates/runtime/src/test_expect_message_quality/rule.rs
RS-CODE-SOURCE-33	g3rs-code/public-weak-error-forms	packages/rs/code/g3rs-code-source-checks/crates/runtime/src/public_weak_error_forms/rule.rs
RS-CODE-SOURCE-34	g3rs-code/generic-parameter-cap	packages/rs/code/g3rs-code-source-checks/crates/runtime/src/generic_parameter_cap/rule.rs
RS-CODE-SOURCE-36	g3rs-code/string-dispatch-cap	packages/rs/code/g3rs-code-source-checks/crates/runtime/src/string_dispatch_cap/rule.rs
RS-DENY-CONFIG-01	g3rs-deny/deprecated-advisories	packages/rs/deny/g3rs-deny-config-checks/crates/runtime/src/advisories/deprecated_advisories/rule.rs
RS-DENY-CONFIG-02	g3rs-deny/advisories-baseline	packages/rs/deny/g3rs-deny-config-checks/crates/runtime/src/advisories/advisories_baseline/rule.rs
RS-DENY-CONFIG-03	g3rs-deny/stricter-advisories-inventory	packages/rs/deny/g3rs-deny-config-checks/crates/runtime/src/advisories/stricter_advisories_inventory/rule.rs
RS-DENY-CONFIG-04	g3rs-deny/graph-all-features	packages/rs/deny/g3rs-deny-config-checks/crates/runtime/src/advisories/graph_all_features/rule.rs
RS-DENY-CONFIG-05	g3rs-deny/graph-no-default-features	packages/rs/deny/g3rs-deny-config-checks/crates/runtime/src/advisories/graph_no_default_features/rule.rs
RS-DENY-CONFIG-06	g3rs-deny/multiple-versions-floor	packages/rs/deny/g3rs-deny-config-checks/crates/runtime/src/bans/multiple_versions_floor/rule.rs
RS-DENY-CONFIG-07	g3rs-deny/highlight-inventory	packages/rs/deny/g3rs-deny-config-checks/crates/runtime/src/bans/highlight_inventory/rule.rs
RS-DENY-CONFIG-08	g3rs-deny/allow-wildcard-paths	packages/rs/deny/g3rs-deny-config-checks/crates/runtime/src/bans/allow_wildcard_paths/rule.rs
RS-DENY-CONFIG-09	g3rs-deny/wildcards-inventory	packages/rs/deny/g3rs-deny-config-checks/crates/runtime/src/bans/wildcards_inventory/rule.rs
RS-DENY-CONFIG-10	g3rs-deny/license-allow-baseline	packages/rs/deny/g3rs-deny-config-checks/crates/runtime/src/licenses/license_allow_baseline/rule.rs
RS-DENY-CONFIG-11	g3rs-deny/confidence-threshold	packages/rs/deny/g3rs-deny-config-checks/crates/runtime/src/licenses/confidence_threshold/rule.rs
RS-DENY-CONFIG-12	g3rs-deny/copyleft-allowlist	packages/rs/deny/g3rs-deny-config-checks/crates/runtime/src/licenses/copyleft_allowlist/rule.rs
RS-DENY-CONFIG-13	g3rs-deny/unknown-sources-policy	packages/rs/deny/g3rs-deny-config-checks/crates/runtime/src/sources/unknown_sources_policy/rule.rs
RS-DENY-CONFIG-14	g3rs-deny/allow-registry-baseline	packages/rs/deny/g3rs-deny-config-checks/crates/runtime/src/sources/allow_registry_baseline/rule.rs
RS-DENY-CONFIG-15	g3rs-deny/allow-git-inventory	packages/rs/deny/g3rs-deny-config-checks/crates/runtime/src/sources/allow_git_inventory/rule.rs
RS-DENY-CONFIG-16	g3rs-deny/tokio-full-ban	packages/rs/deny/g3rs-deny-config-checks/crates/runtime/src/bans/tokio_full_ban/rule.rs
RS-DENY-CONFIG-17	g3rs-deny/extra-feature-bans-inventory	packages/rs/deny/g3rs-deny-config-checks/crates/runtime/src/bans/extra_feature_bans_inventory/rule.rs
RS-DENY-CONFIG-18	g3rs-deny/skip-hygiene	packages/rs/deny/g3rs-deny-config-checks/crates/runtime/src/sources/skip_hygiene/rule.rs
RS-DENY-CONFIG-19	g3rs-deny/ignore-hygiene	packages/rs/deny/g3rs-deny-config-checks/crates/runtime/src/sources/ignore_hygiene/rule.rs
RS-DENY-CONFIG-20	g3rs-deny/duplicate-entries	packages/rs/deny/g3rs-deny-config-checks/crates/runtime/src/bans/duplicate_entries/rule.rs
RS-DENY-CONFIG-21	g3rs-deny/unknown-keys	packages/rs/deny/g3rs-deny-config-checks/crates/runtime/src/sources/unknown_keys/rule.rs
RS-DENY-CONFIG-22	g3rs-deny/ignore-accumulation	packages/rs/deny/g3rs-deny-config-checks/crates/runtime/src/sources/ignore_accumulation/rule.rs
RS-DENY-CONFIG-23	g3rs-deny/ban-baseline-complete	packages/rs/deny/g3rs-deny-config-checks/crates/runtime/src/ban_baseline_complete.rs
RS-DENY-CONFIG-24	g3rs-deny/license-exceptions-inventory	packages/rs/deny/g3rs-deny-config-checks/crates/runtime/src/license_exceptions_inventory.rs
RS-DENY-CONFIG-25	g3rs-deny/allow-override-channel	packages/rs/deny/g3rs-deny-config-checks/crates/runtime/src/allow_override_channel.rs
RS-DENY-CONFIG-26	g3rs-deny/extra-deny-bans-inventory	packages/rs/deny/g3rs-deny-config-checks/crates/runtime/src/extra_deny_bans_inventory.rs
RS-DENY-CONFIG-27	g3rs-deny/wrappers	packages/rs/deny/g3rs-deny-config-checks/crates/runtime/src/wrappers.rs
RS-DENY-FILETREE-01	g3rs-deny/coverage	packages/rs/deny/g3rs-deny-filetree-checks/crates/runtime/src/coverage.rs
RS-DENY-FILETREE-03	g3rs-deny/shadowing	packages/rs/deny/g3rs-deny-filetree-checks/crates/runtime/src/shadowing.rs
RS-DEPS-CONFIG-01	g3rs-deps/dependencies-allowlisted	packages/rs/deps/g3rs-deps-config-checks/crates/runtime/src/dependencies_allowlisted/rule.rs
RS-DEPS-CONFIG-02	g3rs-deps/build-dependencies-allowlisted	packages/rs/deps/g3rs-deps-config-checks/crates/runtime/src/build_dependencies_allowlisted/rule.rs
RS-DEPS-CONFIG-03	g3rs-deps/dev-dependencies-allowlisted	packages/rs/deps/g3rs-deps-config-checks/crates/runtime/src/dev_dependencies_allowlisted/rule.rs
RS-DEPS-CONFIG-04	g3rs-deps/library-allowlist-present	packages/rs/deps/g3rs-deps-config-checks/crates/runtime/src/library_allowlist_present/rule.rs
RS-DEPS-CONFIG-05	g3rs-deps/direct-dependency-cap	packages/rs/deps/g3rs-deps-config-checks/crates/runtime/src/direct_dependency_cap/rule.rs
RS-DEPS-CONFIG-06	g3rs-deps/cargo-deny-installed	packages/rs/deps/g3rs-deps-config-checks/crates/runtime/src/cargo_deny_installed/rule.rs
RS-DEPS-CONFIG-07	g3rs-deps/cargo-machete-installed	packages/rs/deps/g3rs-deps-config-checks/crates/runtime/src/cargo_machete_installed/rule.rs
RS-DEPS-CONFIG-08	g3rs-deps/cargo-dupes-installed	packages/rs/deps/g3rs-deps-config-checks/crates/runtime/src/cargo_dupes_installed/rule.rs
RS-DEPS-CONFIG-09	g3rs-deps/gitleaks-installed	packages/rs/deps/g3rs-deps-config-checks/crates/runtime/src/gitleaks_installed/rule.rs
RS-DEPS-FILETREE-09	g3rs-deps/cargo-lock-present	packages/rs/deps/g3rs-deps-filetree-checks/crates/runtime/src/cargo_lock_present.rs
RS-DEPS-FILETREE-10	g3rs-deps/gitignore-not-ignoring-cargo-lock	packages/rs/deps/g3rs-deps-filetree-checks/crates/runtime/src/gitignore_not_ignoring_cargo_lock.rs
RS-FMT-CONFIG-01	g3rs-fmt/rustfmt-required-settings	packages/rs/fmt/g3rs-fmt-config-checks/crates/runtime/src/settings/rule.rs
RS-FMT-CONFIG-02	g3rs-fmt/rustfmt-extra-settings-inventory	packages/rs/fmt/g3rs-fmt-config-checks/crates/runtime/src/extra_settings/rule.rs
RS-FMT-CONFIG-03	g3rs-fmt/nightly-keys-on-stable	packages/rs/fmt/g3rs-fmt-config-checks/crates/runtime/src/nightly_keys_on_stable/rule.rs
RS-FMT-CONFIG-04	g3rs-fmt/edition-mismatch	packages/rs/fmt/g3rs-fmt-config-checks/crates/runtime/src/edition_mismatch/rule.rs
RS-FMT-CONFIG-07	g3rs-fmt/ignore-escape-hatch	packages/rs/fmt/g3rs-fmt-config-checks/crates/runtime/src/ignore_escape_hatch/rule.rs
RS-FMT-FILETREE-01	g3rs-fmt/rustfmt-config-exists	packages/rs/fmt/g3rs-fmt-filetree-checks/crates/runtime/src/exists/rule.rs
RS-FMT-FILETREE-05	g3rs-fmt/per-crate-override	packages/rs/fmt/g3rs-fmt-filetree-checks/crates/runtime/src/per_crate_override/rule.rs
RS-FMT-FILETREE-08	g3rs-fmt/dual-file-conflict	packages/rs/fmt/g3rs-fmt-filetree-checks/crates/runtime/src/dual_file_conflict/rule.rs
RS-GARDE-CONFIG-01	g3rs-garde/dependency-present	packages/rs/garde/g3rs-garde-config-checks/crates/runtime/src/dependency_present/rule.rs
RS-GARDE-CONFIG-02	g3rs-garde/core-method-bans	packages/rs/garde/g3rs-garde-config-checks/crates/runtime/src/core_method_bans/rule.rs
RS-GARDE-CONFIG-03	g3rs-garde/extractor-type-bans	packages/rs/garde/g3rs-garde-config-checks/crates/runtime/src/extractor_type_bans/rule.rs
RS-GARDE-CONFIG-04	g3rs-garde/reqwest-json-ban	packages/rs/garde/g3rs-garde-config-checks/crates/runtime/src/reqwest_json_ban/rule.rs
RS-GARDE-CONFIG-05	g3rs-garde/additional-method-bans	packages/rs/garde/g3rs-garde-config-checks/crates/runtime/src/additional_method_bans/rule.rs
RS-GARDE-SOURCE-01	g3rs-garde/struct-derive-validate	packages/rs/garde/g3rs-garde-source-checks/crates/runtime/src/struct_derive_validate/rule.rs
RS-GARDE-SOURCE-02	g3rs-garde/manual-deserialize-impl	packages/rs/garde/g3rs-garde-source-checks/crates/runtime/src/manual_deserialize_impl/rule.rs
RS-GARDE-SOURCE-03	g3rs-garde/enum-derive-validate	packages/rs/garde/g3rs-garde-source-checks/crates/runtime/src/enum_derive_validate/rule.rs
RS-GARDE-SOURCE-04	g3rs-garde/query-as-inventory	packages/rs/garde/g3rs-garde-ingestion/crates/runtime/src/source_analysis/run.rs
RS-GARDE-SOURCE-05	g3rs-garde/field-level-constraints	packages/rs/garde/g3rs-garde-source-checks/crates/runtime/src/field_level_constraints/rule.rs
RS-GARDE-SOURCE-06	g3rs-garde/nested-validation-dive	packages/rs/garde/g3rs-garde-source-checks/crates/runtime/src/nested_validation_dive/rule.rs
RS-GARDE-SOURCE-07	g3rs-garde/context-validation-surface	packages/rs/garde/g3rs-garde-source-checks/crates/runtime/src/context_validation_surface/rule.rs
RS-GARDE-SOURCE-10	g3rs-garde/input-failures	packages/rs/garde/g3rs-garde-source-checks/crates/runtime/src/input_failures/rule.rs
RS-HOOKS-CONFIG-01	g3rs-hooks/required-tools-installed	packages/rs/hooks/g3rs-hooks-config-checks/crates/runtime/src/required_tools_installed/rule.rs
RS-HOOKS-CONFIG-02	g3rs-hooks/guardrail-binary-available	packages/rs/hooks/g3rs-hooks-config-checks/crates/runtime/src/guardrail_binary_available/rule.rs
RS-HOOKS-CONFIG-03	g3rs-hooks/cargo-dupes-installed	packages/rs/hooks/g3rs-hooks-config-checks/crates/runtime/src/cargo_dupes_installed/rule.rs
RS-HOOKS-CONFIG-14	g3rs-hooks/guardrail-binary-available	packages/rs/hooks/g3rs-hooks-config-checks/crates/runtime/src/guardrail_binary_available/rule.rs
RS-HOOKS-FILETREE-01	g3rs-hooks/pre-commit-exists	packages/rs/hooks/g3rs-hooks-file-tree-checks/crates/runtime/src/pre_commit_exists/rule.rs
RS-HOOKS-FILETREE-02	g3rs-hooks/hooks-path-configured	packages/rs/hooks/g3rs-hooks-file-tree-checks/crates/runtime/src/hooks_path_configured/rule.rs
RS-HOOKS-FILETREE-03	g3rs-hooks/modular-directory-inventory	packages/rs/hooks/g3rs-hooks-file-tree-checks/crates/runtime/src/modular_directory_inventory/rule.rs
RS-HOOKS-FILETREE-04	g3rs-hooks/modular-scripts-inventory	packages/rs/hooks/g3rs-hooks-file-tree-checks/crates/runtime/src/modular_scripts_inventory/rule.rs
RS-HOOKS-FILETREE-05	g3rs-hooks/local-override-inventory	packages/rs/hooks/g3rs-hooks-file-tree-checks/crates/runtime/src/local_override_inventory/rule.rs
RS-HOOKS-FILETREE-06	g3rs-hooks/modular-scripts-executable	packages/rs/hooks/g3rs-hooks-file-tree-checks/crates/runtime/src/modular_scripts_executable/rule.rs
RS-HOOKS-FILETREE-07	g3rs-hooks/execution-trust	packages/rs/hooks/g3rs-hooks-file-tree-checks/crates/runtime/src/execution_trust/rule.rs
RS-HOOKS-FILETREE-08	g3rs-hooks/pre-commit-executable	packages/rs/hooks/g3rs-hooks-file-tree-checks/crates/runtime/src/pre_commit_executable/rule.rs
RS-HOOKS-FILETREE-09	g3rs-hooks/script-stats-inventory	packages/rs/hooks/g3rs-hooks-file-tree-checks/crates/runtime/src/script_stats_inventory/rule.rs
RS-HOOKS-FILETREE-10	g3rs-hooks/pre-commit-file-size-inventory	packages/rs/hooks/g3rs-hooks-file-tree-checks/crates/runtime/src/pre_commit_file_size_inventory/rule.rs
RS-HOOKS-SOURCE-01	g3rs-hooks/dispatcher-pattern	packages/rs/hooks/g3rs-hooks-source-checks/crates/runtime/src/bootstrap/dispatcher_pattern/rule.rs
RS-HOOKS-SOURCE-02	g3rs-hooks/real-dispatcher-syntax-only	packages/rs/hooks/g3rs-hooks-source-checks/crates/runtime/src/shell_safety/real_dispatcher_syntax_only/rule.rs
RS-HOOKS-SOURCE-03	g3rs-hooks/fmt-step-present	packages/rs/hooks/g3rs-hooks-source-checks/crates/runtime/src/fmt_step_present/rule.rs
RS-HOOKS-SOURCE-04	g3rs-hooks/clippy-step-present	packages/rs/hooks/g3rs-hooks-source-checks/crates/runtime/src/clippy_step_present/rule.rs
RS-HOOKS-SOURCE-05	g3rs-hooks/cargo-deny-step-present	packages/rs/hooks/g3rs-hooks-source-checks/crates/runtime/src/cargo_deny_step_present/rule.rs
RS-HOOKS-SOURCE-06	g3rs-hooks/test-step-present	packages/rs/hooks/g3rs-hooks-source-checks/crates/runtime/src/test_step_present/rule.rs
RS-HOOKS-SOURCE-07	g3rs-hooks/cargo-machete-step-present	packages/rs/hooks/g3rs-hooks-source-checks/crates/runtime/src/cargo_machete_step_present/rule.rs
RS-HOOKS-SOURCE-08	g3rs-hooks/duplication-tool-is-cargo-dupes	packages/rs/hooks/g3rs-hooks-source-checks/crates/runtime/src/duplication_tool_is_cargo_dupes/rule.rs
RS-HOOKS-SOURCE-09	g3rs-hooks/guardrail-validate-staged-present	packages/rs/hooks/g3rs-hooks-source-checks/crates/runtime/src/guardrail_validate_staged_present/rule.rs
RS-HOOKS-SOURCE-10	g3rs-hooks/clippy-denies-warnings	packages/rs/hooks/g3rs-hooks-source-checks/crates/runtime/src/clippy_denies_warnings/rule.rs
RS-HOOKS-SOURCE-11	g3rs-hooks/test-uses-workspace	packages/rs/hooks/g3rs-hooks-source-checks/crates/runtime/src/test_uses_workspace/rule.rs
RS-HOOKS-SOURCE-12	g3rs-hooks/gitleaks-step-present	packages/rs/hooks/g3rs-hooks-source-checks/crates/runtime/src/gitleaks_step_present/rule.rs
RS-HOOKS-SOURCE-13	g3rs-hooks/cargo-dupes-step-present	packages/rs/hooks/g3rs-hooks-source-checks/crates/runtime/src/cargo_dupes_step_present/rule.rs
RS-HOOKS-SOURCE-14	g3rs-hooks/cargo-dupes-excludes	packages/rs/hooks/g3rs-hooks-source-checks/crates/runtime/src/cargo_dupes_excludes/rule.rs
RS-HOOKS-SOURCE-15	g3rs-hooks/config-changes-trigger-validation	packages/rs/hooks/g3rs-hooks-source-checks/crates/runtime/src/config_changes_trigger_validation/rule.rs
RS-HOOKS-SOURCE-16	g3rs-hooks/shell-error-handling	packages/rs/hooks/g3rs-hooks-source-checks/crates/runtime/src/shell_safety/shell_error_handling/rule.rs
RS-HOOKS-SOURCE-17	g3rs-hooks/valid-shebang	packages/rs/hooks/g3rs-hooks-source-checks/crates/runtime/src/shell_safety/valid_shebang/rule.rs
RS-HOOKS-SOURCE-18	g3rs-hooks/no-unconditional-exit-zero	packages/rs/hooks/g3rs-hooks-source-checks/crates/runtime/src/shell_safety/no_unconditional_exit_zero/rule.rs
RS-HOOKS-SOURCE-19	g3rs-hooks/no-bypass-instructions	packages/rs/hooks/g3rs-hooks-source-checks/crates/runtime/src/shell_safety/no_bypass_instructions/rule.rs
RS-HOOKS-SOURCE-20	g3rs-hooks/merge-conflict-step-present	packages/rs/hooks/g3rs-hooks-source-checks/crates/runtime/src/workflow/merge_conflict_step_present/rule.rs
RS-HOOKS-SOURCE-21	g3rs-hooks/file-size-step-present	packages/rs/hooks/g3rs-hooks-source-checks/crates/runtime/src/workflow/file_size_step_present/rule.rs
RS-HOOKS-SOURCE-22	g3rs-hooks/executable-command-context-only	packages/rs/hooks/g3rs-hooks-source-checks/crates/runtime/src/shell_safety/executable_command_context_only/rule.rs
RS-HOOKS-SOURCE-23	g3rs-hooks/concrete-lockfile-command	packages/rs/hooks/g3rs-hooks-source-checks/crates/runtime/src/shell_safety/concrete_lockfile_command/rule.rs
RS-HOOKS-SOURCE-24	g3rs-hooks/no-fail-open-wrappers	packages/rs/hooks/g3rs-hooks-source-checks/crates/runtime/src/shell_safety/no_fail_open_wrappers/rule.rs
RS-HOOKS-SOURCE-25	g3rs-hooks/shared-target-dir-present	packages/rs/hooks/g3rs-hooks-source-checks/crates/runtime/src/shared_target_dir_present/rule.rs
RS-RELEASE-CONFIG-00	g3rs-release/publish-must-be-explicit	packages/rs/release/g3rs-release-config-checks/crates/runtime/src/publish_must_be_explicit.rs
RS-RELEASE-CONFIG-01	g3rs-release/description-present	packages/rs/release/g3rs-release-config-checks/crates/runtime/src/description_present/rule.rs
RS-RELEASE-CONFIG-02	g3rs-release/license-present	packages/rs/release/g3rs-release-config-checks/crates/runtime/src/license_present/rule.rs
RS-RELEASE-CONFIG-03	g3rs-release/repository-present	packages/rs/release/g3rs-release-config-checks/crates/runtime/src/repository_present/rule.rs
RS-RELEASE-CONFIG-04	g3rs-release/keywords-present	packages/rs/release/g3rs-release-config-checks/crates/runtime/src/keywords_present/rule.rs
RS-RELEASE-CONFIG-05	g3rs-release/categories-present	packages/rs/release/g3rs-release-config-checks/crates/runtime/src/categories_present/rule.rs
RS-RELEASE-CONFIG-06	g3rs-release/valid-semver	packages/rs/release/g3rs-release-config-checks/crates/runtime/src/valid_semver/rule.rs
RS-RELEASE-CONFIG-07	g3rs-release/docs-rs-metadata	packages/rs/release/g3rs-release-config-checks/crates/runtime/src/docs_rs_metadata/rule.rs
RS-RELEASE-CONFIG-08	g3rs-release/binstall-metadata	packages/rs/release/g3rs-release-config-checks/crates/runtime/src/binstall_metadata/rule.rs
RS-RELEASE-CONFIG-09	g3rs-release/accidentally-publishable	packages/rs/release/g3rs-release-config-checks/crates/runtime/src/accidentally_publishable/rule.rs
RS-RELEASE-CONFIG-10	g3rs-release/release-plz-baseline	packages/rs/release/g3rs-release-config-checks/crates/runtime/src/release_plz_baseline/rule.rs
RS-RELEASE-CONFIG-11	g3rs-release/cliff-baseline	packages/rs/release/g3rs-release-config-checks/crates/runtime/src/cliff_baseline/rule.rs
RS-RELEASE-CONFIG-15	g3rs-release/semver-checks-installed	packages/rs/release/g3rs-release-config-checks/crates/runtime/src/semver_checks_installed.rs
RS-RELEASE-CONFIG-16	g3rs-release/publish-status-inventory	packages/rs/release/g3rs-release-config-checks/crates/runtime/src/publish_status_inventory.rs
RS-RELEASE-CONFIG-17	g3rs-release/release-profile-inventory	packages/rs/release/g3rs-release-config-checks/crates/runtime/src/release_profile_inventory.rs
RS-RELEASE-CONFIG-18	g3rs-release/publish-dry-run	packages/rs/release/g3rs-release-config-checks/crates/runtime/src/publish_dry_run.rs
RS-RELEASE-CONFIG-19	g3rs-release/no-path-deps-to-unpublishable	packages/rs/release/g3rs-release-config-checks/crates/runtime/src/no_path_deps_to_unpublishable.rs
RS-RELEASE-CONFIG-20	g3rs-release/interdependent-version-consistency	packages/rs/release/g3rs-release-config-checks/crates/runtime/src/interdependent_version_consistency.rs
RS-RELEASE-CONFIG-21	g3rs-release/crate-inventory	packages/rs/release/g3rs-release-config-checks/crates/runtime/src/crate_inventory.rs
RS-RELEASE-CONFIG-22	g3rs-release/include-exclude-inventory	packages/rs/release/g3rs-release-config-checks/crates/runtime/src/include_exclude_inventory.rs
RS-RELEASE-CONFIG-23	g3rs-release/binary-release-workflow	packages/rs/release/g3rs-release-config-checks/crates/runtime/src/binary_release_workflow.rs
RS-RELEASE-CONFIG-24	g3rs-release/linux-release-target	packages/rs/release/g3rs-release-config-checks/crates/runtime/src/linux_release_target.rs
RS-RELEASE-CONFIG-25	g3rs-release/config-input-failures	packages/rs/release/g3rs-release-config-checks/crates/runtime/src/input_failures.rs
RS-RELEASE-FILETREE-01	g3rs-release/license-file	packages/rs/release/g3rs-release-filetree-checks/crates/runtime/src/license_file.rs
RS-RELEASE-FILETREE-02	g3rs-release/release-plz-exists	packages/rs/release/g3rs-release-filetree-checks/crates/runtime/src/release_plz_exists.rs
RS-RELEASE-FILETREE-03	g3rs-release/cliff-exists	packages/rs/release/g3rs-release-filetree-checks/crates/runtime/src/cliff_exists.rs
RS-RELEASE-FILETREE-04	g3rs-release/readme-exists	packages/rs/release/g3rs-release-filetree-checks/crates/runtime/src/readme_exists.rs
RS-RELEASE-FILETREE-05	g3rs-release/filetree-input-failures	packages/rs/release/g3rs-release-filetree-checks/crates/runtime/src/input_failures.rs
RS-RELEASE-REPO-ROOT-01	g3rs-release/release-plz-workflow	packages/rs/release/g3rs-release-repo-root-checks/crates/runtime/src/release_plz_workflow/rule.rs
RS-RELEASE-REPO-ROOT-02	g3rs-release/publish-dry-run-workflow	packages/rs/release/g3rs-release-repo-root-checks/crates/runtime/src/publish_dry_run_workflow/rule.rs
RS-RELEASE-REPO-ROOT-03	g3rs-release/registry-token	packages/rs/release/g3rs-release-repo-root-checks/crates/runtime/src/registry_token/rule.rs
RS-RELEASE-SOURCE-01	g3rs-release/readme-quality	packages/rs/release/g3rs-release-source-checks/crates/runtime/src/readme_quality.rs
RS-RELEASE-SOURCE-02	g3rs-release/source-input-failures	packages/rs/release/g3rs-release-source-checks/crates/runtime/src/input_failures.rs
RS-TEST-CONFIG-09	g3rs-test/nextest-timeouts	packages/rs/test/g3rs-test-config-checks/crates/runtime/src/nextest/nextest_timeouts/rule.rs
RS-TEST-CONFIG-11	g3rs-test/cargo-mutants-installed	packages/rs/test/g3rs-test-config-checks/crates/runtime/src/mutants/cargo_mutants_installed/rule.rs
RS-TEST-CONFIG-12	g3rs-test/mutants-toml-exists	packages/rs/test/g3rs-test-config-checks/crates/runtime/src/mutants/mutants_toml_exists/rule.rs
RS-TEST-CONFIG-13	g3rs-test/mutants-profile-present	packages/rs/test/g3rs-test-config-checks/crates/runtime/src/mutants/mutants_profile_present/rule.rs
RS-TEST-CONFIG-14	g3rs-test/mutation-hook-present	packages/rs/test/g3rs-test-config-checks/crates/runtime/src/mutants/mutation_hook_present/rule.rs
RS-TEST-CONFIG-15	g3rs-test/mutants-config-sane	packages/rs/test/g3rs-test-config-checks/crates/runtime/src/mutants/mutants_config_sane/rule.rs
RS-TEST-FILETREE-02	g3rs-test/owned-sidecar-shape	packages/rs/test/g3rs-test-file-tree-checks/crates/runtime/src/owned_sidecar_shape/rule.rs
RS-TEST-FILETREE-03	g3rs-test/runtime-assertions-split	packages/rs/test/g3rs-test-file-tree-checks/crates/runtime/src/runtime_assertions_split/rule.rs
RS-TEST-FILETREE-10	g3rs-test/source-input-failures	packages/rs/test/g3rs-test-source-checks/crates/runtime/src/input_failures/rule.rs
RS-TEST-FILETREE-18	g3rs-test/test-support-generic	packages/rs/test/g3rs-test-file-tree-checks/crates/runtime/src/test_support_generic/rule.rs
RS-TEST-SOURCE-01	g3rs-test/inline-test-bodies	packages/rs/test/g3rs-test-source-checks/crates/runtime/src/inline_test_bodies/rule.rs
RS-TEST-SOURCE-04	g3rs-test/ignore-reason	packages/rs/test/g3rs-test-source-checks/crates/runtime/src/ignore_reason/rule.rs
RS-TEST-SOURCE-05	g3rs-test/should-panic-expected	packages/rs/test/g3rs-test-source-checks/crates/runtime/src/should_panic_expected/rule.rs
RS-TEST-SOURCE-06	g3rs-test/tautological-assertions	packages/rs/test/g3rs-test-source-checks/crates/runtime/src/tautological_assertions/rule.rs
RS-TEST-SOURCE-07	g3rs-test/real-proof-site	packages/rs/test/g3rs-test-source-checks/crates/runtime/src/real_proof_site/rule.rs
RS-TEST-SOURCE-08	g3rs-test/weak-matches-assert	packages/rs/test/g3rs-test-source-checks/crates/runtime/src/weak_matches_assert/rule.rs
RS-TEST-SOURCE-10	g3rs-test/filetree-input-failures	packages/rs/test/g3rs-test-file-tree-checks/crates/runtime/src/input_failures/rule.rs
RS-TEST-SOURCE-16	g3rs-test/assertions-modules-prove	packages/rs/test/g3rs-test-source-checks/crates/runtime/src/assertions_modules_prove/rule.rs
RS-TEST-SOURCE-17	g3rs-test/external-harnesses-use-assertions	packages/rs/test/g3rs-test-source-checks/crates/runtime/src/external_harnesses_use_assertions/rule.rs
RS-TOOLCHAIN-CONFIG-01	g3rs-toolchain/channel-and-components	packages/rs/toolchain/g3rs-toolchain-config-checks/crates/runtime/src/channel_and_components/rule.rs
RS-TOOLCHAIN-CONFIG-02	g3rs-toolchain/msrv-consistency	packages/rs/toolchain/g3rs-toolchain-config-checks/crates/runtime/src/msrv_consistency/rule.rs
RS-TOOLCHAIN-FILETREE-01	g3rs-toolchain/exists	packages/rs/toolchain/g3rs-toolchain-filetree-checks/crates/runtime/src/exists.rs
RS-TOOLCHAIN-FILETREE-04	g3rs-toolchain/legacy-file	packages/rs/toolchain/g3rs-toolchain-filetree-checks/crates/runtime/src/legacy_file.rs
RS-TOPOLOGY-FILETREE-07	g3rs-topology/required-inputs-fail-closed	packages/rs/topology/g3rs-topology-file-tree-checks/crates/runtime/src/required_inputs_fail_closed/rule.rs
RS-TOPOLOGY-FILETREE-11	g3rs-topology/no-nested-workspaces	packages/rs/topology/g3rs-topology-file-tree-checks/crates/runtime/src/no_nested_workspaces/rule.rs
RS-TOPOLOGY-FILETREE-12	g3rs-topology/declared-workspace-members-only	packages/rs/topology/g3rs-topology-file-tree-checks/crates/runtime/src/declared_workspace_members_only/rule.rs
RS-TOPOLOGY-FILETREE-13	g3rs-topology/member-paths-must-not-escape-root	packages/rs/topology/g3rs-topology-file-tree-checks/crates/runtime/src/member_paths_must_not_escape_root/rule.rs
RS-TOPOLOGY-FILETREE-16	g3rs-topology/workspace-local-file-placement	packages/rs/topology/g3rs-topology-file-tree-checks/crates/runtime/src/workspace_local_file_placement/rule.rs
TS-APPARCH-CONFIG-01	g3ts-apparch/types-dependency-direction	packages/ts/apparch/g3ts-apparch-config-checks/crates/runtime/src/types_dependency_direction.rs
TS-APPARCH-CONFIG-02	g3ts-apparch/logic-dependency-direction	packages/ts/apparch/g3ts-apparch-config-checks/crates/runtime/src/logic_dependency_direction.rs
TS-APPARCH-CONFIG-03	g3ts-apparch/io-outbound-dependency-direction	packages/ts/apparch/g3ts-apparch-config-checks/crates/runtime/src/io_outbound_dependency_direction.rs
TS-APPARCH-CONFIG-04	g3ts-apparch/io-inbound-dependency-direction	packages/ts/apparch/g3ts-apparch-config-checks/crates/runtime/src/io_inbound_dependency_direction.rs
TS-APPARCH-CONFIG-05	g3ts-apparch/app-no-direct-outbound	packages/ts/apparch/g3ts-apparch-config-checks/crates/runtime/src/app_no_direct_outbound.rs
TS-APPARCH-CONFIG-06	g3ts-apparch/types-purity	packages/ts/apparch/g3ts-apparch-config-checks/crates/runtime/src/types_purity.rs
TS-APPARCH-CONFIG-07	g3ts-apparch/logic-purity	packages/ts/apparch/g3ts-apparch-config-checks/crates/runtime/src/logic_purity.rs
TS-APPARCH-SOURCE-01	g3ts-apparch/types-public-surface	packages/ts/apparch/g3ts-apparch-source-checks/crates/runtime/src/types_public_surface.rs
TS-APPARCH-SOURCE-02	g3ts-apparch/io-contracts-in-types	packages/ts/apparch/g3ts-apparch-source-checks/crates/runtime/src/io_contracts_in_types.rs
TS-ARCH-CONFIG-01	g3ts-arch/root-manifest-exists	packages/ts/arch/g3ts-arch-config-checks/crates/runtime/src/root_manifest_exists.rs
TS-ARCH-CONFIG-02	g3ts-arch/root-manifest-parseable	packages/ts/arch/g3ts-arch-config-checks/crates/runtime/src/root_manifest_parseable.rs
TS-ARCH-CONFIG-03	g3ts-arch/declared-entrypoints-canonical	packages/ts/arch/g3ts-arch-config-checks/crates/runtime/src/declared_entrypoints_canonical.rs
TS-ARCH-FILETREE-01	g3ts-arch/declared-entrypoint-exists	packages/ts/arch/g3ts-arch-file-tree-checks/crates/runtime/src/declared_entrypoint_exists.rs
TS-ARCH-FILETREE-02	g3ts-arch/structural-split	packages/ts/arch/g3ts-arch-file-tree-checks/crates/runtime/src/structural_split.rs
TS-ARCH-SOURCE-01	g3ts-arch/facade-parseable	packages/ts/arch/g3ts-arch-source-checks/crates/runtime/src/facade_parseable.rs
TS-ARCH-SOURCE-02	g3ts-arch/facade-only	packages/ts/arch/g3ts-arch-source-checks/crates/runtime/src/facade_only.rs
TS-ARCH-SOURCE-03	g3ts-arch/no-broad-reexport	packages/ts/arch/g3ts-arch-source-checks/crates/runtime/src/no_broad_reexport.rs
TS-ASTRO-CONTENT-CONFIG-17	g3ts-astro-content/pipeline-plugin-package-present	packages/ts/astro/content/g3ts-astro-content-config-checks/crates/runtime/src/pipeline_plugin_package_present.rs
TS-ASTRO-CONTENT-CONFIG-18	g3ts-astro-content/content-adapter-rule	packages/ts/astro/content/g3ts-astro-content-config-checks/crates/runtime/src/content_adapter_rule.rs
TS-ASTRO-CONTENT-CONFIG-19	g3ts-astro-content/inline-copy-rule	packages/ts/astro/content/g3ts-astro-content-config-checks/crates/runtime/src/inline_copy_rule.rs
TS-ASTRO-CONTENT-CONFIG-23	g3ts-astro-content/strict-content-policy	packages/ts/astro/content/g3ts-astro-content-config-checks/crates/runtime/src/strict_content_policy.rs
TS-ASTRO-CONTENT-CONFIG-24	g3ts-astro-content/strict-policy-paths	packages/ts/astro/content/g3ts-astro-content-config-checks/crates/runtime/src/strict_policy_paths.rs
TS-ASTRO-CONTENT-CONFIG-25	g3ts-astro-content/route-scope-overlap	packages/ts/astro/content/g3ts-astro-content-config-checks/crates/runtime/src/route_scope_overlap.rs
TS-ASTRO-CONTENT-CONFIG-26	g3ts-astro-content/policy-eslint-coverage	packages/ts/astro/content/g3ts-astro-content-config-checks/crates/runtime/src/policy_eslint_coverage.rs
TS-ASTRO-CONTENT-CONFIG-27	g3ts-astro-content/content-adapter-exists	packages/ts/astro/content/g3ts-astro-content-config-checks/crates/runtime/src/content_adapter_exists.rs
TS-ASTRO-CONTENT-CONFIG-28	g3ts-astro-content/content-adapter-astro-content	packages/ts/astro/content/g3ts-astro-content-config-checks/crates/runtime/src/content_adapter_astro_content.rs
TS-ASTRO-CONTENT-FILETREE-02	g3ts-astro-content/content-config-exists	packages/ts/astro/content/g3ts-astro-content-file-tree-checks/crates/runtime/src/content_config_exists.rs
TS-ASTRO-CONTENT-FILETREE-03	g3ts-astro-content/live-config-exists	packages/ts/astro/content/g3ts-astro-content-file-tree-checks/crates/runtime/src/live_config_exists.rs
TS-ASTRO-CONTENT-FILETREE-04	g3ts-astro-content/no-route-markdown-pages	packages/ts/astro/content/g3ts-astro-content-file-tree-checks/crates/runtime/src/no_route_markdown_pages.rs
TS-ASTRO-CONTENT-FILETREE-05	g3ts-astro-content/no-velite-config	packages/ts/astro/content/g3ts-astro-content-file-tree-checks/crates/runtime/src/no_velite_config.rs
TS-ASTRO-CONTENT-FILETREE-06	g3ts-astro-content/no-velite-output	packages/ts/astro/content/g3ts-astro-content-file-tree-checks/crates/runtime/src/no_velite_output.rs
TS-ASTRO-MDX-CONFIG-20	g3ts-astro-mdx/mdx-eslint-lane-wired	packages/ts/astro/mdx/g3ts-astro-mdx-config-checks/crates/runtime/src/mdx_lane.rs
TS-ASTRO-MDX-CONFIG-24	g3ts-astro-mdx/strict-policy-paths	packages/ts/astro/mdx/g3ts-astro-mdx-config-checks/crates/runtime/src/strict_policy_paths.rs
TS-ASTRO-MDX-CONFIG-29	g3ts-astro-mdx/policy-helper-surfaces	packages/ts/astro/mdx/g3ts-astro-mdx-config-checks/crates/runtime/src/policy_helper_surfaces.rs
TS-ASTRO-MDX-CONFIG-30	g3ts-astro-mdx/mdx-component-map-rule	packages/ts/astro/mdx/g3ts-astro-mdx-config-checks/crates/runtime/src/mdx_component_map_rule.rs
TS-ASTRO-MDX-CONFIG-35	g3ts-astro-mdx/mdx-import-names	packages/ts/astro/mdx/g3ts-astro-mdx-config-checks/crates/runtime/src/strict_component_rules/mdx_import_names.rs
TS-ASTRO-MDX-CONFIG-36	g3ts-astro-mdx/no-raw-ui-exports	packages/ts/astro/mdx/g3ts-astro-mdx-config-checks/crates/runtime/src/strict_component_rules/no_raw_ui_exports.rs
TS-ASTRO-MDX-CONFIG-37	g3ts-astro-mdx/mdx-component-wrapper-zod-parse	packages/ts/astro/mdx/g3ts-astro-mdx-config-checks/crates/runtime/src/strict_component_rules/mdx_component_wrapper_zod_parse.rs
TS-ASTRO-MDX-CONFIG-38	g3ts-astro-mdx/no-raw-mdx-images	packages/ts/astro/mdx/g3ts-astro-mdx-config-checks/crates/runtime/src/strict_component_rules/no_raw_mdx_images.rs
TS-ASTRO-SEO-CONFIG-13	g3ts-astro-seo/nuasite-checks	packages/ts/astro/seo/g3ts-astro-seo-config-checks/crates/runtime/src/nuasite_checks.rs
TS-ASTRO-SEO-CONFIG-14	g3ts-astro-seo/sitemap-integration	packages/ts/astro/seo/g3ts-astro-seo-config-checks/crates/runtime/src/sitemap_integration.rs
TS-ASTRO-SEO-CONFIG-15	g3ts-astro-seo/robots-integration	packages/ts/astro/seo/g3ts-astro-seo-config-checks/crates/runtime/src/robots_integration.rs
TS-ASTRO-SEO-CONFIG-16	g3ts-astro-seo/llms-txt	packages/ts/astro/seo/g3ts-astro-seo-config-checks/crates/runtime/src/llms_txt.rs
TS-ASTRO-SEO-CONFIG-17	g3ts-astro-seo/seo-packages	packages/ts/astro/seo/g3ts-astro-seo-config-checks/crates/runtime/src/seo_packages.rs
TS-ASTRO-SEO-CONFIG-22	g3ts-astro-seo/structured-data-check	packages/ts/astro/seo/g3ts-astro-seo-config-checks/crates/runtime/src/structured_data_check.rs
TS-ASTRO-SEO-CONFIG-24	g3ts-astro-seo/strict-policy-paths	packages/ts/astro/seo/g3ts-astro-seo-config-checks/crates/runtime/src/strict_policy_paths.rs
TS-ASTRO-SEO-CONFIG-29	g3ts-astro-seo/policy-helper-surfaces	packages/ts/astro/seo/g3ts-astro-seo-config-checks/crates/runtime/src/policy_helper_surfaces.rs
TS-ASTRO-SEO-CONFIG-31	g3ts-astro-seo/metadata-helper-rule	packages/ts/astro/seo/g3ts-astro-seo-config-checks/crates/runtime/src/metadata_helper_rule.rs
TS-ASTRO-SEO-CONFIG-32	g3ts-astro-seo/json-ld-helper-rule	packages/ts/astro/seo/g3ts-astro-seo-config-checks/crates/runtime/src/json_ld_helper_rule.rs
TS-ASTRO-SETUP-CONFIG-01	g3ts-astro-setup/astro-package-present	packages/ts/astro/setup/g3ts-astro-setup-config-checks/crates/runtime/src/astro_package_present.rs
TS-ASTRO-SETUP-CONFIG-02	g3ts-astro-setup/astro-check-present	packages/ts/astro/setup/g3ts-astro-setup-config-checks/crates/runtime/src/astro_check_present.rs
TS-ASTRO-SETUP-CONFIG-03	g3ts-astro-setup/astro-eslint-plugin-package-present	packages/ts/astro/setup/g3ts-astro-setup-config-checks/crates/runtime/src/astro_eslint_plugin_package_present.rs
TS-ASTRO-SETUP-CONFIG-05	g3ts-astro-setup/astro-eslint-plugin-wired	packages/ts/astro/setup/g3ts-astro-setup-config-checks/crates/runtime/src/astro_eslint_plugin_wired.rs
TS-ASTRO-SETUP-CONFIG-09	g3ts-astro-setup/syncpack-stack-pins	packages/ts/astro/setup/g3ts-astro-setup-config-checks/crates/runtime/src/syncpack_stack_pins.rs
TS-ASTRO-SETUP-CONFIG-10	g3ts-astro-setup/syncpack-forbidden-deps	packages/ts/astro/setup/g3ts-astro-setup-config-checks/crates/runtime/src/syncpack_forbidden_deps.rs
TS-ASTRO-SETUP-CONFIG-11	g3ts-astro-setup/site-url	packages/ts/astro/setup/g3ts-astro-setup-config-checks/crates/runtime/src/site_url.rs
TS-ASTRO-SETUP-CONFIG-12	g3ts-astro-setup/static-output	packages/ts/astro/setup/g3ts-astro-setup-config-checks/crates/runtime/src/static_output.rs
TS-ASTRO-SETUP-CONFIG-21	g3ts-astro-setup/required-integrations	packages/ts/astro/setup/g3ts-astro-setup-config-checks/crates/runtime/src/required_integrations.rs
TS-ASTRO-SETUP-CONFIG-33	g3ts-astro-setup/lint-script	packages/ts/astro/setup/g3ts-astro-setup-config-checks/crates/runtime/src/lint_script.rs
TS-ASTRO-SETUP-CONFIG-34	g3ts-astro-setup/syncpack-lint-script	packages/ts/astro/setup/g3ts-astro-setup-config-checks/crates/runtime/src/syncpack_lint_script.rs
TS-ASTRO-SETUP-FILETREE-01	g3ts-astro-setup/astro-config-exists	packages/ts/astro/setup/g3ts-astro-setup-file-tree-checks/crates/runtime/src/astro_config_exists.rs
TS-ASTRO-STATE-FILETREE-11	g3ts-astro-state/no-legacy-parallel-state	packages/ts/astro/state/g3ts-astro-state-file-tree-checks/crates/runtime/src/no_legacy_parallel_state.rs
TS-ASTRO-STATE-FILETREE-12	g3ts-astro-state/configured-forbidden-state	packages/ts/astro/state/g3ts-astro-state-file-tree-checks/crates/runtime/src/configured_forbidden_state.rs
TS-ESLINT-CONFIG-01	g3ts-eslint/exists	packages/ts/eslint/g3ts-eslint-config-checks/crates/runtime/src/exists.rs
TS-ESLINT-CONFIG-02	g3ts-eslint/parseable	packages/ts/eslint/g3ts-eslint-config-checks/crates/runtime/src/parseable.rs
TS-ESLINT-CONFIG-03	g3ts-eslint/ts-plugin-present	packages/ts/eslint/g3ts-eslint-config-checks/crates/runtime/src/ts_plugin_present.rs
TS-ESLINT-CONFIG-04	g3ts-eslint/project-service-enabled	packages/ts/eslint/g3ts-eslint-config-checks/crates/runtime/src/project_service_enabled.rs
TS-ESLINT-CONFIG-05	g3ts-eslint/no-explicit-any-error	packages/ts/eslint/g3ts-eslint-config-checks/crates/runtime/src/no_explicit_any_error.rs
TS-ESLINT-CONFIG-06	g3ts-eslint/no-console-error	packages/ts/eslint/g3ts-eslint-config-checks/crates/runtime/src/no_console_error.rs
TS-ESLINT-CONFIG-07	g3ts-eslint/thresholds	packages/ts/eslint/g3ts-eslint-config-checks/crates/runtime/src/thresholds.rs
TS-ESLINT-CONFIG-08	g3ts-eslint/core-baseline-rules	packages/ts/eslint/g3ts-eslint-config-checks/crates/runtime/src/core_baseline_rules.rs
TS-ESLINT-CONFIG-09	g3ts-eslint/type-safety-rules	packages/ts/eslint/g3ts-eslint-config-checks/crates/runtime/src/type_safety_rules.rs
TS-ESLINT-CONFIG-10	g3ts-eslint/hygiene-rules	packages/ts/eslint/g3ts-eslint-config-checks/crates/runtime/src/hygiene_rules.rs
TS-ESLINT-CONFIG-11	g3ts-eslint/unicorn-rules	packages/ts/eslint/g3ts-eslint-config-checks/crates/runtime/src/unicorn_rules.rs
TS-ESLINT-CONFIG-12	g3ts-eslint/regexp-rules	packages/ts/eslint/g3ts-eslint-config-checks/crates/runtime/src/regexp_rules.rs
TS-ESLINT-CONFIG-13	g3ts-eslint/sonarjs-rules	packages/ts/eslint/g3ts-eslint-config-checks/crates/runtime/src/sonarjs_rules.rs
TS-ESLINT-CONFIG-14	g3ts-eslint/test-relaxations	packages/ts/eslint/g3ts-eslint-config-checks/crates/runtime/src/test_relaxations.rs
TS-ESLINT-CONFIG-15	g3ts-eslint/js-carveout	packages/ts/eslint/g3ts-eslint-config-checks/crates/runtime/src/js_carveout.rs
TS-ESLINT-CONFIG-16	g3ts-eslint/plugin-stack	packages/ts/eslint/g3ts-eslint-config-checks/crates/runtime/src/plugin_stack.rs
TS-ESLINT-CONFIG-17	g3ts-eslint/tsx-source-parity	packages/ts/eslint/g3ts-eslint-config-checks/crates/runtime/src/tsx_source_parity.rs
TS-JSCPD-CONFIG-01	g3ts-jscpd/root-exists	packages/ts/jscpd/g3ts-jscpd-config-checks/crates/runtime/src/root_exists.rs
TS-JSCPD-CONFIG-02	g3ts-jscpd/root-parseable	packages/ts/jscpd/g3ts-jscpd-config-checks/crates/runtime/src/root_parseable.rs
TS-JSCPD-CONFIG-03	g3ts-jscpd/threshold-zero	packages/ts/jscpd/g3ts-jscpd-config-checks/crates/runtime/src/threshold_zero.rs
TS-JSCPD-CONFIG-04	g3ts-jscpd/absolute-true	packages/ts/jscpd/g3ts-jscpd-config-checks/crates/runtime/src/absolute_true.rs
TS-JSCPD-CONFIG-05	g3ts-jscpd/required-ignores	packages/ts/jscpd/g3ts-jscpd-config-checks/crates/runtime/src/required_ignores.rs
TS-JSCPD-CONFIG-06	g3ts-jscpd/format-and-inventory	packages/ts/jscpd/g3ts-jscpd-config-checks/crates/runtime/src/format_and_inventory.rs
TS-NPMRC-CONFIG-01	g3ts-npmrc/root-exists	packages/ts/npmrc/g3ts-npmrc-config-checks/crates/runtime/src/root_exists.rs
TS-NPMRC-CONFIG-02	g3ts-npmrc/root-parseable	packages/ts/npmrc/g3ts-npmrc-config-checks/crates/runtime/src/root_parseable.rs
TS-NPMRC-CONFIG-03	g3ts-npmrc/duplicate-keys	packages/ts/npmrc/g3ts-npmrc-config-checks/crates/runtime/src/duplicate_keys.rs
TS-NPMRC-CONFIG-04	g3ts-npmrc/required-settings-present	packages/ts/npmrc/g3ts-npmrc-config-checks/crates/runtime/src/required_settings_present.rs
TS-NPMRC-CONFIG-05	g3ts-npmrc/required-settings-strong-enough	packages/ts/npmrc/g3ts-npmrc-config-checks/crates/runtime/src/required_settings_strong_enough.rs
TS-NPMRC-CONFIG-06	g3ts-npmrc/extra-settings-inventory	packages/ts/npmrc/g3ts-npmrc-config-checks/crates/runtime/src/extra_settings_inventory.rs
TS-PACKAGE-CONFIG-01	g3ts-package/root-exists	packages/ts/package/g3ts-package-config-checks/crates/runtime/src/root_exists.rs
TS-PACKAGE-CONFIG-02	g3ts-package/root-parseable	packages/ts/package/g3ts-package-config-checks/crates/runtime/src/root_parseable.rs
TS-PACKAGE-CONFIG-03	g3ts-package/root-private	packages/ts/package/g3ts-package-config-checks/crates/runtime/src/root_private.rs
TS-PACKAGE-CONFIG-04	g3ts-package/root-package-manager	packages/ts/package/g3ts-package-config-checks/crates/runtime/src/root_package_manager.rs
TS-PACKAGE-CONFIG-05	g3ts-package/root-engines	packages/ts/package/g3ts-package-config-checks/crates/runtime/src/root_engines.rs
TS-PACKAGE-CONFIG-06	g3ts-package/root-scripts	packages/ts/package/g3ts-package-config-checks/crates/runtime/src/root_scripts.rs
TS-PACKAGE-CONFIG-07	g3ts-package/root-pnpm	packages/ts/package/g3ts-package-config-checks/crates/runtime/src/root_pnpm.rs
TS-PACKAGE-CONFIG-08	g3ts-package/local-banned-dependencies	packages/ts/package/g3ts-package-config-checks/crates/runtime/src/local_banned_dependencies.rs
TS-TSCONFIG-CONFIG-01	g3ts-tsconfig/exists	packages/ts/tsconfig/g3ts-tsconfig-config-checks/crates/runtime/src/exists.rs
TS-TSCONFIG-CONFIG-02	g3ts-tsconfig/parseable	packages/ts/tsconfig/g3ts-tsconfig-config-checks/crates/runtime/src/parseable.rs
TS-TSCONFIG-CONFIG-03	g3ts-tsconfig/extends-chain-resolves	packages/ts/tsconfig/g3ts-tsconfig-config-checks/crates/runtime/src/extends_chain_resolves.rs
TS-TSCONFIG-CONFIG-04	g3ts-tsconfig/extends-or-inline	packages/ts/tsconfig/g3ts-tsconfig-config-checks/crates/runtime/src/extends_or_inline.rs
TS-TSCONFIG-CONFIG-05	g3ts-tsconfig/strict-baseline	packages/ts/tsconfig/g3ts-tsconfig-config-checks/crates/runtime/src/strict_baseline.rs
